종목코드	회사명	corp_code	분류	합병관련일	마지막공시일	공시수
122290	동양밸류오션기업인수목적	00798530	청산		20130205	141
122750	우리기업인수목적1호	00803504	청산		20130312	104
121910	대우증권그린코리아기업인수목적회사	00797674	기타		20130130	119
123290	한국투자신성장1호기업인수목적회사	00802028	기타		20130516	70
128910	동부티에스블랙펄기업인수목적	00828309	청산		20131017	74
121950	미래에셋제1호기업인수목적	00798284	기타		20121029	68
124050	한화에스브이명장제1호기업인수목적	00808226	청산		20130510	110
204760	현대에이블기업인수목적1호	01041217	청산		20170914	63
207930	에스케이제1호기업인수목적	01047929	청산		20180209	60
232360	아스팩오일	00318538	기타		20180413	77
222390	케이비제8호기업인수목적	01090301	청산		20180608	50
218710	키움제3호기업인수목적	01075047	청산		20180510	50
221200	유진기업인수목적3호	01089828	청산		20180628	52
219860	한화에이스기업인수목적2호	01087079	청산		20180330	56
217810	엔에이치기업인수목적7호	01072660	청산		20180416	52
221950	케이비드림투게더제3호기업인수목적	01089961	청산		20180626	72
219960	유안타제2호기업인수목적	01089387	청산		20180426	53
226850	키움제4호기업인수목적	01102800	청산		20180821	58
225440	이베스트기업인수목적3호	01094565	청산		20190710	82
232270	케이비제9호기업인수목적	01111020	청산		20181227	68
265480	미래에셋대우기업인수목적1호	01199985	청산		20200206	42
257730	신한제3호기업인수목적	01179839	청산		20191211	59
264290	한화에이스기업인수목적3호	01197428	청산		20200304	65
271740	한국제5호기업인수목적	01234525	청산		20200525	55
279410	한화에이스기업인수목적4호	01247918	청산		20200925	77
281410	한국제6호기업인수목적	01257526	청산		20201020	73
311270	키움제5호기업인수목적	01337220	청산		20211019	56
317030	케이비제17호기업인수목적	01351114	청산		20220119	60
307160	하나머스트제6호기업인수목적	01326260	청산		20210903	63
317320	한화에스비아이기업인수목적	01351822	청산		20220222	59
323940	케이비제18호기업인수목적	01371312	청산		20220428	60
323210	이베스트이안기업인수목적1호	01366365	청산		20220517	54
340350	에스케이제6호기업인수목적	01414936	청산		20230109	56
329560	상상인이안제2호기업인수목적	01390876	청산		20220620	52
330990	케이비제19호기업인수목적	01393299	청산		20220802	70
349720	이베스트기업인수목적5호	01436336	청산		20230315	74
347140	케이프이에스제4호기업인수목적	01428249	청산		20221128	45
469880	하나30호스팩	01791321	기타		20260320	41
377630	삼성기업인수목적4호	01528530	청산		20240321	54
464680	KB제27호스팩	01785551	기타		20260318	42
353070	에이치엠씨아이비제4호기업인수목적	01447217	청산		20230602	50
464440	한국제13호스팩	01775952	기타		20260311	46
380440	엔에이치기업인수목적19호	01535257	청산		20240325	63
471050	대신밸런스제17호스팩	01792825	기타		20260318	38
472230	SK증권제11호스팩	01797440	기타		20260311	41
468760	유진스팩10호	01787072	기타		20260316	43
469900	하나31호스팩	01791561	기타		20260320	41
452670	상상인제4호스팩	01717170	기타		20260317	55
343510	하나금융16호기업인수목적	01419384	청산		20230518	61
367340	디비금융제8호기업인수목적	01505450	청산		20231011	50
469480	IBKS제24호스팩	01792791	기타		20260323	44
380320	삼성머스트기업인수목적5호	01534522	청산		20240419	52
478390	KB제29호스팩	01816268	기타		20260319	36
467930	IBKS제23호스팩	01785700	기타		20260323	59
475250	하나33호스팩	01807729	기타		20260320	34
478110	이베스트스팩6호	01815764	기타		20260313	33
473050	유안타제15호스팩	01798980	기타		20260323	52
477380	미래에셋비전스팩4호	01814233	기타		20260317	27
489210	교보17호스팩	01866528	기타		20260319	28
487830	신한제15호스팩	01854408	기타		20260319	32
484130	하나34호스팩	01847550	기타		20260320	28
475240	하나32호스팩	01807738	기타		20260324	30
425290	삼성기업인수목적6호	01624162	청산		20250508	46
489730	디비금융제13호스팩	01857991	기타		20260318	27
458610	한국제12호스팩	01761296	기타		20260324	49
474490	유안타제16호스팩	01804476	기타		20260313	32
430700	유안타제9호기업인수목적	01663639	청산		20250619	52
473950	SK증권제13호스팩	01801822	기타		20260316	31
487720	키움제10호스팩	01877126	기타		20260311	30
477470	미래에셋비전스팩5호	01817249	기타		20260320	30
400840	하이제7호기업인수목적	01586172	청산		20241015	65
481890	엔에이치스팩31호	01834194	기타		20260317	32
482690	대신밸런스제19호스팩	01845534	기타		20260311	29
489480	키움제11호스팩	01873272	기타		20260324	27
493790	유안타제17호스팩	01872219	기타		20260323	37
488060	유진스팩11호	01854392	기타		20260318	31
498390	한화플러스제5호스팩	01881800	기타		20260319	22
472220	신영스팩10호	01796858	기타		20260311	40
477340	에이치엠씨제7호스팩	01813377	기타		20260323	35
478440	미래에셋비전스팩6호	01819867	기타		20260320	33
482680	미래에셋비전스팩7호	01841635	기타		20260320	33
415580	상상인제3호기업인수목적	01604371	청산		20250218	51
486630	KB제30호스팩	01851650	기타		20260319	34
473000	SK증권제12호스팩	01798722	기타		20260312	35
444920	유안타제11호스팩	01688346	기타		20260325	62
452980	신한제11호스팩	01719105	기타		20260319	45
474930	신한제13호스팩	01807747	기타		20260319	33
0068Y0	비엔케이제3호스팩	01933981	기타		20260323	16
448740	삼성기업인수목적8호	01700921	청산		20260105	53
0115H0	삼성스팩13호	01957909	기타		20260318	18
0096B0	삼성스팩12호	01946532	기타		20260320	20
479880	한국제15호스팩	01818682	기타		20260313	32
455910	에스케이증권제9호기업인수목적	01725577	청산		20260316	60
466690	키움히어로제1호스팩	01784677	기타		20260319	38
445360	비엔케이제1호기업인수목적	01689336	청산		20251021	62
0037T0	KB제32호스팩	01902990	기타		20260319	17
435380	유안타제10호기업인수목적	01670675	청산		20250811	62
450050	하이제8호기업인수목적	01705625	청산		20260312	56
446750	하나26호기업인수목적	01696275	청산		20251103	60
450940	유안타제14호기업인수목적	01706819	청산		20260313	56
454640	하나29호기업인수목적	01724417	청산		20260310	45
496070	신한제16호스팩	01875146	기타		20260319	22
439250	삼성기업인수목적7호	01675227	청산		20250825	57
442130	유진기업인수목적9호	01678835	청산		20250709	54
457940	에스케이증권제10호기업인수목적	01744703	청산		20260318	55
0041B0	교보18호스팩	01910324	기타		20260319	24
0097F0	미래에셋비전스팩10호	01949469	기타		20260320	20
440820	엔에이치기업인수목적27호	01677429	청산		20251030	59
0054V0	엔에이치스팩32호	01931585	기타		20260317	14
449020	유안타제13호기업인수목적	01701753	청산		20260112	52
0093G0	미래에셋비전스팩8호	01947072	기타		20260320	18
0096D0	미래에셋비전스팩9호	01946596	기타		20260317	17
0041L0	하나35호스팩	01906598	기타		20260320	21
487360	신한제14호스팩	01853214	기타		20260319	50
0098T0	교보19호스팩	01949140	기타		20260320	19
0099X0	IBKS제25호스팩	01949584	기타		20260323	19
456490	교보14호기업인수목적	01760640	청산		20260320	50
0088D0	메리츠제1호스팩	01958111	기타		20260317	14
462020	에이치엠씨제6호스팩	01767494	기타		20260323	46
0004Y0	디비금융제14호스팩	01884065	기타		20260318	19
0041J0	엘에스스팩1호	01906552	기타		20260313	17
439410	엔에이치기업인수목적26호	01675254	청산		20250708	47
442900	미래에셋드림기업인수목적1호	01683387	청산		20260112	65
0044K0	삼성스팩10호	01910759	기타		20260319	19
0091W0	신영스팩11호	01945339	기타		20260311	12
0071M0	삼성스팩11호	01935183	기타		20260319	17
445970	신영해피투모로우제9호기업인수목적	01689938	청산		20251029	51
0099W0	미래에셋비전스팩11호	01948220	기타		20260317	19
0101C0	하나36호스팩	01949195	기타		20260324	19
0105P0	유진스팩12호	01954832	기타		20260317	19
0072Z0	KB제33호스팩	01934935	기타		20260319	16
123300	부국퓨쳐스타즈기업인수목적	00808262	합병성공(추정)	20110809	20130912	65
123550	대신증권그로쓰알파기업인수목적	00804114	청산	20110824	20130617	176
126680	아이비케이에스스마트에스엠이기업인수목적1호	00824659	청산	20111118	20131028	97
123910	에스비아이앤솔로몬드림기업인수목적	00812229	합병취소	20111223	20130401	109
123160	히든챔피언제1호기업인수목적	00804983	합병성공	20121102	20130503	193
208870	하나머스트3호기업인수목적	01047716	청산	20150915	20170828	100
230490	동부제4호기업인수목적	01109186	청산	20160526	20181018	70
204440	대우기업인수목적2호	01038161	청산	20161017	20170828	67
204650	케이티비기업인수목적1호	01043871	청산	20170526	20171012	59
219580	골든브릿지제3호기업인수목적	01080410	청산	20170811	20180508	56
207720	엔에이치에스엘기업인수목적	01047567	청산	20170825	20171219	73
206660	골든브릿지제2호기업인수목적	01046179	청산	20170829	20180122	72
223040	교보5호기업인수목적	01091391	청산	20170907	20180703	63
215750	미래에셋제3호기업인수목적	01065536	청산	20171020	20180105	58
215580	대우기업인수목적3호	01064315	청산	20171101	20180330	71
240540	한국제4호기업인수목적	01130937	청산	20180724	20190502	56
235010	하이에이아이1호기업인수목적	01117103	청산	20180822	20181228	51
276920	아이비케이에스제7호기업인수목적	01243550	청산	20190314	20200910	60
262830	대신밸런스제4호기업인수목적	01194759	청산	20190430	20191231	91
232330	에스케이제3호기업인수목적	01111570	청산	20190719	20191121	108
265920	한화수성기업인수목적	01201581	청산	20190906	20200326	59
277480	신한제4호기업인수목적	01243772	청산	20200706	20201112	64
291210	한국제7호기업인수목적	01277928	청산	20201019	20210408	59
307070	에스케이에이씨피씨제4호기업인수목적	01336285	청산	20210317	20211005	65
310840	엔에이치기업인수목적13호	01336391	청산	20210802	20211208	68
313750	유안타제4호기업인수목적	01343920	청산	20211022	20220307	59
340120	하이제5호기업인수목적	01414370	청산	20220415	20220826	53
337450	에스케이제5호기업인수목적	01414361	합병성공	20220803	20221005	77
332710	하나금융14호기업인수목적	01395279	청산	20220811	20230109	72
367460	유안타제7호기업인수목적	01504804	합병성공	20220915	20221202	60
341160	하나금융15호기업인수목적	01416457	합병성공	20220930	20221215	67
351340	아이비케이에스제13호기업인수목적	01440481	청산	20221110	20230516	94
344050	신영해피투모로우제6호기업인수목적	01419986	합병성공	20221111	20230420	66
342550	케이비제20호기업인수목적	01418543	합병성공	20221206	20221221	81
397500	대신밸런스제11호기업인수목적	01580178	합병성공	20221228	20230321	46
426670	대신밸런스제12호기업인수목적	01631658	합병성공	20230126	20230410	32
396770	엔에이치기업인수목적22호	01576713	합병성공	20230206	20230508	53
387310	대신밸런스제10호기업인수목적	01567520	합병성공	20230220	20230323	38
353490	미래에셋대우기업인수목적5호	01450105	청산	20230331	20230830	72
388220	하나금융19호기업인수목적	01568875	합병성공	20230420	20230518	54
409570	한국제10호기업인수목적	01596665	합병성공	20230519	20230814	48
367480	유안타제8호기업인수목적	01504910	합병성공	20230609	20230829	63
353060	에이치엠씨아이비제5호기업인수목적	01447244	청산	20230810	20231207	66
440200	케이비제23호기업인수목적	01676989	합병성공	20230818	20231027	35
400560	하나금융20호기업인수목적	01583397	합병성공	20230822	20230906	46
442310	대신밸런스제14호기업인수목적	01696451	청산	20230831	20250711	52
366330	신한제7호기업인수목적	01514528	합병성공	20230908	20230911	58
450410	엔에이치기업인수목적28호	01705777	합병성공	20230912	20231214	28
437780	엔에이치기업인수목적24호	01674538	청산	20230913	20250526	56
405350	아이비케이에스제17호기업인수목적	01591606	합병성공	20231006	20231019	55
404950	디비금융제10호기업인수목적	01591262	합병성공	20231011	20231205	47
448370	하나27호기업인수목적	01700374	청산	20231019	20251113	53
373340	유진기업인수목적6호	01514519	청산	20231031	20240306	55
367360	디비금융제9호기업인수목적	01505469	합병성공	20231031	20231101	49
427950	하나금융23호기업인수목적	01652970	합병성공	20231110	20240329	44
372290	하나머스트7호기업인수목적	01513404	합병성공	20231123	20240326	62
393360	신한제8호기업인수목적	01574760	청산	20231123	20240726	56
377400	하이제6호기업인수목적	01526949	합병성공	20231207	20240508	62
397880	교보11호기업인수목적	01582228	합병성공	20231218	20240321	61
426550	아이비케이에스제19호기업인수목적	01632851	합병성공	20240109	20240222	43
419270	신영해피투모로우제7호기업인수목적	01612608	합병성공	20240131	20240418	44
436530	케이비제22호기업인수목적	01672053	합병성공	20240215	20240424	48
391060	엔에이치기업인수목적20호	01573974	청산	20240221	20240729	96
438580	엔에이치기업인수목적25호	01674468	청산	20240311	20250822	62
435620	하나금융25호기업인수목적	01669475	청산	20240412	20250526	74
386580	한화플러스제2호기업인수목적	01572489	청산	20240430	20240909	60
405640	신한제9호기업인수목적	01594764	합병성공	20240508	20240610	60
388800	유진기업인수목적7호	01569838	청산	20240517	20240930	61
435870	에스케이증권제8호기업인수목적	01671197	청산	20240528	20250811	62
430230	하나금융24호기업인수목적	01658266	합병성공	20240614	20240823	51
436610	한국제11호기업인수목적	01672114	합병성공	20240701	20240920	51
422040	엔에이치기업인수목적23호	01619513	청산	20240808	20250331	64
438220	대신밸런스제13호기업인수목적	01675014	합병성공	20240813	20241104	68
430460	한화플러스제3호기업인수목적	01663055	합병성공	20240923	20241203	48
418170	하나금융22호기업인수목적	01613281	합병성공	20241002	20241211	60
406760	하나금융21호기업인수목적	01593242	합병성공	20241014	20241218	78
421800	교보12호기업인수목적	01620713	합병성공	20241021	20241101	55
424140	케이비제21호기업인수목적	01621280	청산	20241111	20250324	60
455250	케이비제25호기업인수목적	01724709	청산	20241112	20260316	48
412930	미래에셋비전기업인수목적1호	01601286	합병성공	20250106	20250408	63
458320	케이비제26호기업인수목적	01766167	합병성공	20250110	20250319	44
477530	한국제14호기업인수목적	01814312	합병성공	20250110	20250421	41
433530	키움제7호기업인수목적	01667592	합병성공	20250203	20250313	61
413600	키움제6호기업인수목적	01616808	합병성공	20250213	20250227	75
457390	대신밸런스제15호기업인수목적	01751448	합병성공	20250217	20250502	45
418210	신한제10호기업인수목적	01616482	청산	20250224	20250708	56
456440	디비금융제11호기업인수목적	01731453	합병성공	20250225	20250430	47
439730	아이비케이에스제20호기업인수목적	01675421	청산	20250227	20250821	69
440790	교보13호기업인수목적	01677678	청산	20250529	20250813	57
430220	신영해피투모로우제8호기업인수목적	01656374	합병성공	20250604	20250814	66
455310	한화플러스제4호스팩	01725160	합병취소	20250610	20260319	45
468510	삼성기업인수목적9호	01786514	합병성공	20250610	20250610	53
446190	미래에셋비전기업인수목적2호	01692321	합병성공	20250617	20250825	69
476470	케이비제28호기업인수목적	01810796	합병성공	20250625	20250721	42
492220	KB제31호스팩	01866926	합병취소	20250717	20260319	30
454750	하나28호기업인수목적	01724338	합병성공	20250730	20251021	50
448830	미래에셋비전기업인수목적3호	01702424	합병성공	20251022	20251229	86
478780	대신밸런스제18호기업인수목적	01817610	합병성공	20251024	20260102	40
457630	대신밸런스제16호스팩	01738483	합병취소	20251030	20260317	57
442770	아이비케이에스제21호기업인수목적	01682740	합병성공	20251112	20251112	75
482520	교보16호스팩	01845701	합병성공(추정)	20251128	20260319	35
448760	아이비케이에스제22호기업인수목적	01701328	합병성공	20251128	20251229	67
446150	유안타제12호기업인수목적	01690235	청산	20251215	20260306	70
473370	비엔케이제2호스팩	01800285	합병성공	20251222	20260317	54
465320	교보15호스팩	01781847	합병성공(추정)	20260211	20260319	47
477760	디비금융스팩12호	01814589	합병성공(추정)	20260213	20260318	42
466910	엔에이치스팩30호	01785056	합병성공	20260223	20260324	53
451700	엔에이치스팩29호	01712616	합병성공	20260312	20260317	60
474660	신한제12호스팩	01809569	합병취소	20260317	20260319	40
